{"28":-0.63596697593382878,"27":-0.61045018259957062}